city_id;size_)city;size_)hut;size_)large_town;size_)mid_town;size_)town;size_)village
1732;0;0;0;1;0;0
1632;0;0;0;1;0;0
337;0;0;0;1;0;0
9;0;0;1;0;0;0
2;0;0;1;0;0;0
4;1;0;0;0;0;0
1789;0;0;1;0;0;0
5;0;0;1;0;0;0
520;0;0;1;0;0;0
1623;0;0;1;0;0;0
6;1;0;0;0;0;0
1624;0;0;1;0;0;0
13;1;0;0;0;0;0
1;1;0;0;0;0;0
8;1;0;0;0;0;0
12;0;0;1;0;0;0
350;0;0;0;1;0;0
511;0;0;0;1;0;0
16;0;0;1;0;0;0
1630;0;0;0;1;0;0
1788;0;0;1;0;0;0
1785;0;0;1;0;0;0
55;0;0;1;0;0;0
1621;0;0;1;0;0;0
1786;0;0;1;0;0;0
1769;0;0;0;1;0;0
497;0;0;0;0;1;0
330;0;0;0;1;0;0
1693;0;0;1;0;0;0
1627;0;0;1;0;0;0
3;0;0;1;0;0;0
10;0;0;1;0;0;0
514;0;0;1;0;0;0
1753;0;0;0;1;0;0
1759;0;0;1;0;0;0
347;0;0;0;1;0;0
1633;0;0;1;0;0;0
7;0;0;1;0;0;0
523;0;0;0;1;0;0
1616;0;0;0;1;0;0
513;0;0;0;1;0;0
442;0;0;1;0;0;0
504;0;0;0;1;0;0
339;0;0;1;0;0;0
449;0;0;0;1;0;0
1625;0;0;0;1;0;0
381;0;0;0;1;0;0
439;0;0;0;1;0;0
380;0;0;1;0;0;0
312;0;0;0;0;0;1
1637;0;0;1;0;0;0
452;0;0;0;1;0;0
338;0;0;0;1;0;0
496;0;0;0;0;1;0
1590;0;0;1;0;0;0
1619;0;0;0;0;0;1
526;0;0;0;1;0;0
441;0;0;0;1;0;0
279;0;0;0;1;0;0
451;0;0;0;1;0;0
519;0;0;0;1;0;0
1689;0;0;0;1;0;0
1634;0;0;0;1;0;0
187;0;0;0;0;1;0
1628;0;0;0;1;0;0
1764;0;0;0;1;0;0
382;0;0;0;1;0;0
1602;0;0;0;0;1;0
373;0;0;0;0;1;0
1629;0;0;1;0;0;0
493;0;0;0;1;0;0
435;0;0;0;1;0;0
1635;0;0;0;1;0;0
1615;0;0;0;1;0;0
11;0;0;0;1;0;0
391;0;0;0;1;0;0
1712;0;0;0;1;0;0
394;0;0;0;0;1;0
785;0;0;0;0;1;0
447;0;0;0;1;0;0
522;0;0;1;0;0;0
374;0;0;0;0;1;0
482;0;0;0;0;0;1
412;0;0;0;0;1;0
943;0;0;0;1;0;0
505;0;0;0;1;0;0
444;0;0;0;1;0;0
438;0;0;0;1;0;0
695;0;0;0;0;0;1
1648;0;0;0;1;0;0
1636;0;0;0;1;0;0
1340;0;1;0;0;0;0
1595;0;0;0;1;0;0
1644;0;0;0;1;0;0
384;0;0;0;1;0;0
342;0;0;0;1;0;0
1148;0;0;0;0;0;1
359;0;0;0;0;0;1
1649;0;0;0;1;0;0
333;0;0;0;1;0;0
170;0;0;0;1;0;0
327;0;0;0;0;1;0
949;0;0;0;1;0;0
661;0;0;0;0;1;0
428;0;0;0;1;0;0
1641;0;0;0;1;0;0
1589;0;0;0;1;0;0
461;0;0;0;0;1;0
328;0;0;0;1;0;0
372;0;0;0;0;1;0
1656;0;0;0;0;0;1
1666;0;0;0;1;0;0
953;0;0;0;1;0;0
521;0;0;0;1;0;0
406;0;0;0;0;1;0
445;0;0;0;0;0;1
581;0;0;0;0;0;1
150;0;0;0;0;0;1
195;0;0;0;0;0;1
1626;0;0;0;1;0;0
353;0;0;0;0;0;1
331;0;0;0;1;0;0
448;0;0;0;1;0;0
1631;0;0;0;1;0;0
501;0;0;0;0;0;1
1596;0;0;0;0;1;0
390;0;0;0;0;1;0
1787;0;0;0;0;1;0
389;0;0;0;1;0;0
417;0;0;0;0;0;1
1774;0;0;0;0;1;0
1622;0;0;0;1;0;0
1638;0;0;0;1;0;0
348;0;0;0;0;1;0
944;0;0;0;1;0;0
1229;0;0;0;0;0;1
63;0;0;0;1;0;0
616;0;0;0;1;0;0
456;0;0;0;1;0;0
532;0;1;0;0;0;0
1642;0;0;0;0;1;0
656;0;0;0;0;1;0
1742;0;0;0;0;1;0
490;0;0;0;0;1;0
1620;0;0;0;0;1;0
1257;0;1;0;0;0;0
693;0;0;0;0;1;0
474;0;0;0;1;0;0
468;0;0;0;0;1;0
494;0;0;0;0;1;0
253;0;0;0;0;0;1
345;0;0;0;1;0;0
1610;0;0;0;1;0;0
385;0;0;0;1;0;0
335;0;0;0;1;0;0
485;0;0;0;0;1;0
93;0;0;0;0;0;1
419;0;0;0;1;0;0
317;0;0;0;0;1;0
984;0;0;0;0;0;1
349;0;0;0;1;0;0
433;0;0;0;0;0;1
611;0;0;0;0;0;1
388;0;0;0;1;0;0
329;0;0;0;1;0;0
942;0;0;0;0;1;0
398;0;0;0;0;1;0
488;0;0;0;0;1;0
182;0;0;0;0;1;0
1362;0;1;0;0;0;0
963;0;0;0;0;0;1
1613;0;0;0;0;0;1
437;0;0;0;1;0;0
393;0;0;0;1;0;0
652;0;0;0;0;0;1
748;0;1;0;0;0;0
203;0;0;0;0;1;0
341;0;0;0;1;0;0
205;0;0;0;0;0;1
184;0;0;0;0;0;1
344;0;0;0;1;0;0
845;0;0;0;0;1;0
1647;0;0;0;0;1;0
450;0;0;0;1;0;0
1765;0;0;0;1;0;0
1593;0;0;0;0;1;0
1719;0;0;0;1;0;0
512;0;0;0;0;1;0
1645;0;0;0;0;0;1
489;0;0;0;0;1;0
1763;0;0;0;0;1;0
1237;0;0;0;0;0;1
947;0;0;0;0;0;1
407;0;0;0;1;0;0
1751;0;0;0;0;1;0
320;0;0;0;0;1;0
199;0;0;0;0;1;0
941;0;0;0;0;0;1
66;0;0;0;0;1;0
562;0;0;0;0;1;0
336;0;0;0;0;1;0
1053;0;0;0;0;0;1
397;0;0;0;0;1;0
111;0;0;0;0;1;0
201;0;0;0;0;1;0
1221;0;0;0;0;0;1
880;0;0;0;0;0;1
537;0;0;0;0;1;0
662;0;0;0;0;0;1
158;0;0;0;0;1;0
463;0;0;0;0;1;0
499;0;0;0;0;1;0
580;0;1;0;0;0;0
1142;0;0;0;0;0;1
681;0;0;0;0;0;1
1400;0;0;0;0;0;1
479;0;0;0;0;0;1
483;0;0;0;1;0;0
767;0;0;0;1;0;0
318;0;0;0;0;1;0
832;0;0;0;0;0;1
400;0;0;0;0;1;0
287;0;0;0;0;0;1
826;0;0;0;0;0;1
1369;0;0;0;1;0;0
810;0;0;0;0;0;1
244;0;1;0;0;0;0
762;0;0;0;0;1;0
644;0;0;0;1;0;0
202;0;0;0;0;1;0
517;0;0;0;1;0;0
172;0;0;0;0;1;0
495;0;0;0;1;0;0
484;0;0;0;0;1;0
1618;0;0;0;0;1;0
1371;0;0;0;0;1;0
1452;0;0;0;0;0;1
1639;0;0;0;0;1;0
190;0;0;0;0;0;1
919;0;1;0;0;0;0
180;0;0;0;0;0;1
425;0;0;0;0;1;0
1790;0;0;0;0;1;0
1660;0;0;0;0;0;1
218;0;1;0;0;0;0
541;0;0;0;0;1;0
502;0;0;0;1;0;0
296;0;0;0;0;1;0
1591;0;0;0;0;0;1
469;0;0;0;0;1;0
1783;0;0;0;0;1;0
588;0;0;0;0;0;1
600;0;1;0;0;0;0
157;0;0;0;0;1;0
643;0;0;0;0;1;0
518;0;0;0;0;1;0
443;0;0;0;1;0;0
608;0;1;0;0;0;0
251;0;0;0;0;0;1
1776;0;0;0;0;0;1
1733;0;0;0;0;0;1
259;0;0;0;0;1;0
1054;0;0;0;0;0;1
322;0;0;0;0;1;0
801;0;0;0;0;0;1
1758;0;0;0;0;0;1
86;0;0;0;0;0;1
376;0;0;0;0;1;0
404;0;0;0;0;1;0
1612;0;0;0;1;0;0
315;0;0;0;0;0;1
383;0;0;0;1;0;0
189;0;0;0;0;1;0
978;0;0;0;0;0;1
371;0;0;0;0;1;0
882;0;0;0;0;0;1
747;0;0;0;0;0;1
506;0;0;0;0;1;0
207;0;0;0;0;1;0
891;0;0;0;0;1;0
288;0;0;0;0;1;0
467;0;0;0;0;1;0
191;0;0;0;0;0;1
763;0;0;0;0;0;1
1209;0;0;0;0;0;1
1594;0;0;0;0;1;0
1598;0;0;0;0;1;0
1287;0;0;0;0;0;1
742;0;0;0;0;0;1
420;0;0;0;0;0;1
361;0;0;0;0;1;0
930;0;0;0;0;0;1
1297;0;1;0;0;0;0
193;0;0;0;0;1;0
1653;0;0;0;0;0;1
1137;0;1;0;0;0;0
392;0;0;0;0;1;0
841;0;0;0;0;0;1
1686;0;0;0;0;1;0
1002;0;1;0;0;0;0
408;0;0;0;0;1;0
1046;0;0;0;0;0;1
1219;0;0;0;0;0;1
1752;0;0;0;0;1;0
1302;0;0;0;0;0;1
1756;0;0;0;0;0;1
498;0;0;0;1;0;0
208;0;0;0;0;1;0
1771;0;0;0;0;0;1
1782;0;0;0;0;1;0
260;0;0;0;0;0;1
1784;0;0;0;0;1;0
508;0;1;0;0;0;0
653;0;0;0;0;1;0
1374;0;0;0;0;1;0
1322;0;0;0;0;1;0
346;0;0;0;1;0;0
340;0;0;0;0;1;0
321;0;0;0;0;1;0
332;0;0;0;1;0;0
507;0;0;0;0;0;1
472;0;0;0;1;0;0
173;0;0;0;0;0;1
1315;0;0;0;0;0;1
530;0;0;0;0;0;1
252;0;0;0;0;1;0
396;0;0;0;0;1;0
1230;0;1;0;0;0;0
1604;0;0;0;0;0;1
324;0;0;0;0;1;0
645;0;0;0;0;1;0
802;0;1;0;0;0;0
395;0;0;0;0;1;0
838;0;0;0;0;1;0
1810;0;1;0;0;0;0
967;0;0;0;0;0;1
946;0;0;0;0;1;0
185;0;0;0;0;0;1
343;0;0;0;0;1;0
1290;0;0;0;0;1;0
1617;0;0;0;1;0;0
378;0;0;0;0;1;0
465;0;0;0;0;0;1
556;0;0;0;0;0;1
1792;0;0;0;0;0;1
258;0;0;0;0;0;1
940;0;0;0;0;1;0
323;0;0;0;0;0;1
276;0;0;0;0;0;1
115;0;0;0;0;0;1
455;0;0;0;0;1;0
1263;0;0;0;0;0;1
929;0;0;0;0;0;1
399;0;0;0;0;1;0
1356;0;0;0;0;0;1
387;0;0;0;1;0;0
913;0;0;0;0;0;1
1731;0;0;0;0;1;0
593;0;0;0;0;0;1
386;0;0;0;0;1;0
933;0;0;0;0;0;1
480;0;0;0;0;1;0
169;0;0;0;0;1;0
196;0;0;0;0;0;1
409;0;0;0;0;1;0
1646;0;0;0;0;1;0
188;0;0;0;0;1;0
163;0;0;0;0;1;0
175;0;1;0;0;0;0
1432;0;1;0;0;0;0
492;0;0;0;0;0;1
136;0;0;0;0;0;1
1000;0;0;0;0;0;1
229;0;0;0;0;0;1
515;0;0;0;0;1;0
257;0;0;0;0;0;1
1659;0;0;0;0;1;0
1270;0;0;0;0;0;1
854;0;0;0;0;0;1
242;0;1;0;0;0;0
860;0;0;0;0;0;1
886;0;1;0;0;0;0
1239;0;0;0;0;1;0
440;0;0;0;0;1;0
1394;0;0;0;0;0;1
761;0;0;0;0;0;1
702;0;0;0;0;0;1
962;0;0;0;0;0;1
966;0;0;0;0;0;1
1061;0;0;0;0;0;1
246;0;0;0;0;0;1
486;0;0;0;0;1;0
655;0;0;0;0;0;1
470;0;0;0;0;0;1
1608;0;0;0;0;0;1
811;0;0;0;0;0;1
1292;0;0;0;0;0;1
103;0;0;0;0;0;1
471;0;0;0;0;0;1
731;0;0;0;0;0;1
434;0;0;0;0;0;1
626;0;1;0;0;0;0
368;0;0;0;0;0;1
888;0;0;0;0;1;0
481;0;0;0;0;1;0
1180;0;1;0;0;0;0
319;0;0;0;0;1;0
1222;0;0;0;0;0;1
1385;0;0;0;0;0;1
149;0;0;0;0;0;1
1603;0;0;0;0;0;1
847;0;0;0;0;1;0
354;0;0;0;0;1;0
487;0;0;0;1;0;0
952;0;0;0;0;0;1
466;0;0;0;0;0;1
1640;0;0;0;0;1;0
1027;0;0;0;0;0;1
356;0;0;0;0;0;1
617;0;0;0;0;0;1
18;0;0;0;0;1;0
615;0;0;0;0;0;1
642;0;0;0;0;0;1
577;0;0;0;0;0;1
1597;0;0;0;0;1;0
1746;0;0;0;0;1;0
171;0;1;0;0;0;0
1654;0;0;0;0;0;1
1643;0;0;0;0;1;0
352;0;0;0;0;1;0
1757;0;0;0;0;1;0
1192;0;0;0;0;0;1
558;0;0;0;0;0;1
144;0;0;0;0;0;1
1300;0;0;0;0;0;1
1607;0;0;0;0;0;1
597;0;0;0;0;0;1
1415;0;1;0;0;0;0
424;0;0;0;0;0;1
758;0;0;0;0;0;1
705;0;0;0;0;0;1
694;0;0;0;0;0;1
1605;0;0;0;0;0;1
555;0;0;0;0;0;1
955;0;0;0;0;0;1
703;0;0;0;0;0;1
114;0;0;0;0;0;1
239;0;0;0;0;0;1
599;0;0;0;0;0;1
457;0;0;0;0;1;0
954;0;0;0;0;0;1
1308;0;0;0;0;1;0
1337;0;1;0;0;0;0
503;0;0;0;0;0;1
405;0;0;0;0;1;0
232;0;1;0;0;0;0
540;0;0;0;0;1;0
592;0;1;0;0;0;0
842;0;0;0;0;0;1
1599;0;0;0;0;0;1
883;0;1;0;0;0;0
1768;0;0;0;0;1;0
906;0;0;0;0;0;1
531;0;0;0;0;1;0
672;0;0;0;0;0;1
250;0;0;0;0;0;1
905;0;0;0;0;0;1
975;0;0;0;0;0;1
453;0;0;0;0;1;0
1226;0;1;0;0;0;0
270;0;0;0;0;0;1
64;0;0;0;0;0;1
1652;0;0;0;0;0;1
1070;0;0;0;0;0;1
475;0;0;0;0;0;1
248;0;0;0;0;0;1
657;0;0;0;0;0;1
198;0;0;0;0;0;1
674;0;0;0;0;0;1
413;0;0;0;0;0;1
426;0;0;0;0;1;0
1791;0;0;0;0;1;0
780;0;1;0;0;0;0
1122;0;0;0;0;0;1
22;0;1;0;0;0;0
1132;0;0;0;0;0;1
665;0;0;0;0;0;1
247;0;0;0;0;0;1
529;0;0;0;0;1;0
477;0;0;0;0;1;0
830;0;1;0;0;0;0
853;0;1;0;0;0;0
1766;0;0;0;0;0;1
162;0;0;0;0;0;1
1546;0;1;0;0;0;0
914;0;1;0;0;0;0
1741;0;0;0;0;0;1
1316;0;0;0;0;0;1
509;0;0;0;0;0;1
432;0;0;0;0;0;1
839;0;1;0;0;0;0
828;0;1;0;0;0;0
928;0;0;0;0;0;1
334;0;0;0;0;0;1
1338;0;0;0;0;0;1
935;0;0;0;0;1;0
1657;0;0;0;0;1;0
56;0;1;0;0;0;0
833;0;0;0;0;0;1
795;0;0;0;0;0;1
865;0;0;0;0;0;1
464;0;0;0;0;0;1
364;0;0;0;0;0;1
120;0;0;0;0;0;1
360;0;0;0;0;1;0
1770;0;0;0;0;0;1
561;0;0;0;0;0;1
1777;0;0;0;0;0;1
989;0;0;0;0;0;1
697;0;0;0;0;1;0
1275;0;1;0;0;0;0
1651;0;0;0;0;0;1
1119;0;0;0;0;0;1
856;0;0;0;0;0;1
54;0;0;0;0;0;1
266;0;0;0;0;0;1
1349;0;0;0;0;0;1
59;0;0;0;0;0;1
1592;0;0;0;0;1;0
1720;0;0;0;0;0;1
620;0;0;0;0;0;1
1767;0;0;0;0;1;0
921;0;0;0;0;0;1
686;0;0;0;0;0;1
760;0;0;0;0;0;1
264;0;0;0;0;0;1
1294;0;0;0;0;0;1
85;0;0;0;0;0;1
932;0;0;0;0;0;1
325;0;0;0;0;0;1
460;0;0;0;0;0;1
896;0;0;0;0;0;1
1650;0;0;0;0;0;1
668;0;1;0;0;0;0
1584;0;1;0;0;0;0
690;0;0;0;0;1;0
370;0;0;0;0;1;0
675;0;0;0;0;0;1
1412;0;0;0;0;0;1
166;0;0;0;0;0;1
1383;0;1;0;0;0;0
1276;0;0;0;0;0;1
121;0;1;0;0;0;0
545;0;1;0;0;0;0
957;0;0;0;0;0;1
1600;0;0;0;0;0;1
375;0;0;0;0;0;1
197;0;0;0;0;0;1
306;0;0;0;0;1;0
148;0;0;0;0;0;1
285;0;0;0;0;0;1
155;0;0;0;0;0;1
1611;0;0;0;0;1;0
846;0;0;0;0;0;1
1734;0;0;0;0;0;1
1025;0;0;0;0;0;1
1323;0;0;0;0;0;1
1281;0;0;0;0;0;1
696;0;0;0;0;0;1
1258;0;0;0;0;0;1
446;0;0;0;0;0;1
1050;0;0;0;0;0;1
1255;0;0;0;0;0;1
987;0;0;0;0;0;1
1760;0;0;0;0;0;1
1444;0;1;0;0;0;0
500;0;0;0;0;0;1
231;0;0;0;0;0;1
899;0;1;0;0;0;0
691;0;0;0;0;0;1
316;0;0;0;0;0;1
937;0;0;0;0;0;1
945;0;0;0;0;0;1
411;0;0;0;0;0;1
263;0;0;0;0;0;1
261;0;0;0;0;0;1
418;0;0;0;0;0;1
679;0;0;0;0;0;1
301;0;0;0;0;0;1
570;0;1;0;0;0;0
1196;0;1;0;0;0;0
607;0;0;0;0;0;1
797;0;0;0;0;0;1
1333;0;0;0;0;0;1
1343;0;1;0;0;0;0
718;0;0;0;0;0;1
1376;0;0;0;0;0;1
165;0;0;0;0;0;1
827;0;0;0;0;0;1
568;0;0;0;0;0;1
152;0;0;0;0;0;1
1450;0;1;0;0;0;0
873;0;1;0;0;0;0
300;0;0;0;0;0;1
1658;0;0;0;0;1;0
948;0;1;0;0;0;0
98;0;1;0;0;0;0
1280;0;0;0;0;0;1
491;0;0;0;0;0;1
183;0;0;0;0;0;1
701;0;0;0;0;0;1
1298;0;0;0;0;0;1
979;0;1;0;0;0;0
357;0;0;0;0;0;1
1176;0;0;0;0;0;1
959;0;0;0;0;0;1
200;0;0;0;0;0;1
651;0;0;0;0;0;1
422;0;0;0;0;0;1
993;0;1;0;0;0;0
1718;0;1;0;0;0;0
1428;0;1;0;0;0;0
159;0;0;0;0;0;1
878;0;0;0;0;0;1
585;0;0;0;0;0;1
677;0;0;0;0;0;1
430;0;0;0;0;0;1
538;0;0;0;0;0;1
423;0;0;0;0;0;1
536;0;0;0;0;0;1
887;0;1;0;0;0;0
1775;0;0;0;0;0;1
680;0;0;0;0;0;1
961;0;0;0;0;0;1
638;0;0;0;0;0;1
1462;0;1;0;0;0;0
286;0;0;0;0;0;1
610;0;1;0;0;0;0
745;0;0;0;0;0;1
590;0;0;0;0;0;1
594;0;0;0;0;0;1
1663;0;1;0;0;0;0
1039;0;1;0;0;0;0
1471;0;0;0;0;0;1
591;0;0;0;0;0;1
1378;0;0;0;0;0;1
800;0;0;0;0;0;1
70;0;1;0;0;0;0
1232;0;0;0;0;0;1
365;0;0;0;0;0;1
1123;0;0;0;0;0;1
473;0;0;0;0;1;0
265;0;1;0;0;0;0
1380;0;0;0;0;0;1
973;0;0;0;0;0;1
119;0;0;0;0;0;1
920;0;0;0;0;0;1
907;0;0;0;0;0;1
619;0;0;0;0;0;1
105;0;1;0;0;0;0
1721;0;0;0;0;0;1
403;0;0;0;0;0;1
634;0;0;0;0;0;1
915;0;1;0;0;0;0
964;0;0;0;0;0;1
273;0;0;0;0;0;1
234;0;0;0;0;0;1
1256;0;1;0;0;0;0
458;0;0;0;0;0;1
1588;0;1;0;0;0;0
221;0;0;0;0;0;1
1218;0;0;0;0;0;1
991;0;1;0;0;0;0
268;0;0;0;0;0;1
897;0;1;0;0;0;0
160;0;1;0;0;0;0
233;0;1;0;0;0;0
307;0;1;0;0;0;0
1104;0;1;0;0;0;0
367;0;0;0;0;0;1
1715;0;0;0;0;0;1
154;0;1;0;0;0;0
805;0;0;0;0;0;1
836;0;0;0;0;0;1
1793;0;1;0;0;0;0
1277;0;0;0;0;0;1
186;0;0;0;0;0;1
65;0;0;0;0;0;1
872;0;0;0;0;0;1
1729;0;0;0;0;0;1
254;0;0;0;0;0;1
462;0;0;0;0;0;1
299;0;0;0;0;0;1
663;0;0;0;0;0;1
925;0;1;0;0;0;0
161;0;0;0;0;0;1
1403;0;0;0;0;0;1
167;0;0;0;0;0;1
752;0;0;0;0;0;1
884;0;0;0;0;0;1
219;0;1;0;0;0;0
1460;0;1;0;0;0;0
1127;0;1;0;0;0;0
965;0;0;0;0;0;1
1062;0;0;0;0;0;1
936;0;0;0;0;0;1
1401;0;0;0;0;0;1
557;0;1;0;0;0;0
1748;0;1;0;0;0;0
1038;0;0;0;0;0;1
1417;0;0;0;0;0;1
1402;0;1;0;0;0;0
1253;0;1;0;0;0;0
226;0;0;0;0;0;1
990;0;1;0;0;0;0
304;0;0;0;0;0;1
1238;0;0;0;0;0;1
1739;0;1;0;0;0;0
1058;0;1;0;0;0;0
669;0;0;0;0;0;1
1216;0;0;0;0;0;1
143;0;0;0;0;0;1
1434;0;0;0;0;0;1
176;0;0;0;0;0;1
539;0;0;0;0;0;1
934;0;0;0;0;0;1
126;0;0;0;0;0;1
1282;0;0;0;0;0;1
1034;0;0;0;0;0;1
596;0;0;0;0;0;1
1327;0;0;0;0;0;1
660;0;1;0;0;0;0
1035;0;1;0;0;0;0
737;0;1;0;0;0;0
1716;0;0;0;0;0;1
781;0;0;0;0;0;1
146;0;0;0;0;0;1
459;0;0;0;0;0;1
1601;0;0;0;0;0;1
280;0;1;0;0;0;0
870;0;0;0;0;0;1
687;0;0;0;0;0;1
1549;0;0;0;0;0;1
985;0;1;0;0;0;0
1117;0;0;0;0;0;1
1350;0;0;0;0;0;1
969;0;0;0;0;0;1
1205;0;1;0;0;0;0
892;0;1;0;0;0;0
527;0;0;0;0;0;1
366;0;1;0;0;0;0
168;0;0;0;0;0;1
1425;0;0;0;0;0;1
1040;0;0;0;0;0;1
1794;0;1;0;0;0;0
1375;0;1;0;0;0;0
1064;0;1;0;0;0;0
659;0;0;0;0;0;1
1761;0;0;0;0;0;1
1289;0;1;0;0;0;0
217;0;1;0;0;0;0
559;0;0;0;0;0;1
779;0;0;0;0;0;1
605;0;1;0;0;0;0
1309;0;1;0;0;0;0
401;0;0;0;0;0;1
950;0;0;0;0;0;1
362;0;0;0;0;0;1
982;0;1;0;0;0;0
876;0;1;0;0;0;0
363;0;0;0;0;0;1
1271;0;0;0;0;0;1
1286;0;0;0;0;0;1
131;0;1;0;0;0;0
1722;0;1;0;0;0;0
61;0;1;0;0;0;0
1354;0;0;0;0;0;1
67;0;0;0;0;0;1
817;0;1;0;0;0;0
1189;0;0;0;0;0;1
688;0;0;0;0;0;1
1321;0;0;0;0;0;1
476;0;0;0;0;0;1
1458;0;0;0;0;0;1
903;0;1;0;0;0;0
1185;0;1;0;0;0;0
1806;0;1;0;0;0;0
1655;0;0;0;0;0;1
77;0;0;0;0;0;1
757;0;1;0;0;0;0
1391;0;1;0;0;0;0
852;0;0;0;0;0;1
1606;0;0;0;0;0;1
890;0;0;0;0;0;1
1384;0;0;0;0;0;1
1364;0;1;0;0;0;0
181;0;0;0;0;0;1
678;0;0;0;0;0;1
76;0;0;0;0;0;1
877;0;1;0;0;0;0
544;0;0;0;0;0;1
1312;0;0;0;0;0;1
104;0;0;0;0;0;1
1161;0;1;0;0;0;0
23;0;1;0;0;0;0
1068;0;1;0;0;0;0
650;0;1;0;0;0;0
289;0;1;0;0;0;0
996;0;1;0;0;0;0
1168;0;1;0;0;0;0
1548;0;1;0;0;0;0
647;0;0;0;0;0;1
566;0;1;0;0;0;0
516;0;0;0;0;0;1
565;0;0;0;0;0;1
1234;0;0;0;0;0;1
1609;0;0;0;0;0;1
622;0;0;0;0;0;1
1410;0;0;0;0;0;1
1193;0;1;0;0;0;0
922;0;1;0;0;0;0
822;0;0;0;0;0;1
1796;0;1;0;0;0;0
981;0;1;0;0;0;0
269;0;0;0;0;0;1
1303;0;1;0;0;0;0
230;0;0;0;0;0;1
1152;0;1;0;0;0;0
858;0;0;0;0;0;1
124;0;1;0;0;0;0
1728;0;0;0;0;0;1
864;0;1;0;0;0;0
1370;0;0;0;0;0;1
130;0;1;0;0;0;0
756;0;0;0;0;0;1
676;0;0;0;0;0;1
1464;0;1;0;0;0;0
102;0;0;0;0;0;1
604;0;1;0;0;0;0
1166;0;1;0;0;0;0
118;0;1;0;0;0;0
243;0;0;0;0;0;1
1285;0;0;0;0;0;1
416;0;0;0;0;0;1
823;0;1;0;0;0;0
1170;0;1;0;0;0;0
147;0;0;0;0;0;1
586;0;0;0;0;0;1
1352;0;0;0;0;0;1
74;0;1;0;0;0;0
1367;0;1;0;0;0;0
1199;0;1;0;0;0;0
633;0;0;0;0;0;1
134;0;1;0;0;0;0
1422;0;1;0;0;0;0
106;0;1;0;0;0;0
427;0;0;0;0;0;1
1372;0;1;0;0;0;0
1373;0;1;0;0;0;0
1144;0;1;0;0;0;0
875;0;1;0;0;0;0
1661;0;1;0;0;0;0
1578;0;1;0;0;0;0
178;0;0;0;0;0;1
1037;0;0;0;0;0;1
206;0;0;0;0;0;1
313;0;1;0;0;0;0
1550;0;1;0;0;0;0
179;0;0;0;0;0;1
1361;0;0;0;0;0;1
228;0;1;0;0;0;0
525;0;1;0;0;0;0
267;0;1;0;0;0;0
776;0;0;0;0;0;1
1515;0;1;0;0;0;0
51;0;1;0;0;0;0
835;0;0;0;0;0;1
939;0;1;0;0;0;0
1063;0;1;0;0;0;0
1107;0;1;0;0;0;0
861;0;1;0;0;0;0
546;0;1;0;0;0;0
75;0;1;0;0;0;0
1304;0;1;0;0;0;0
128;0;0;0;0;0;1
145;0;0;0;0;0;1
358;0;0;0;0;0;1
1341;0;1;0;0;0;0
1109;0;1;0;0;0;0
429;0;0;0;0;0;1
871;0;1;0;0;0;0
310;0;0;0;0;0;1
893;0;0;0;0;0;1
1113;0;1;0;0;0;0
1125;0;1;0;0;0;0
547;0;1;0;0;0;0
753;0;0;0;0;0;1
759;0;1;0;0;0;0
1224;0;1;0;0;0;0
60;0;1;0;0;0;0
1313;0;1;0;0;0;0
236;0;1;0;0;0;0
603;0;1;0;0;0;0
1800;0;1;0;0;0;0
923;0;1;0;0;0;0
91;0;1;0;0;0;0
225;0;1;0;0;0;0
1183;0;1;0;0;0;0
670;0;0;0;0;0;1
629;0;0;0;0;0;1
278;0;1;0;0;0;0
573;0;1;0;0;0;0
1543;0;1;0;0;0;0
895;0;1;0;0;0;0
576;0;1;0;0;0;0
272;0;1;0;0;0;0
295;0;1;0;0;0;0
1206;0;1;0;0;0;0
730;0;1;0;0;0;0
535;0;0;0;0;0;1
109;0;0;0;0;0;1
62;0;1;0;0;0;0
274;0;0;0;0;0;1
1484;0;1;0;0;0;0
1167;0;1;0;0;0;0
732;0;1;0;0;0;0
235;0;1;0;0;0;0
788;0;1;0;0;0;0
951;0;1;0;0;0;0
34;0;1;0;0;0;0
1008;0;1;0;0;0;0
1329;0;1;0;0;0;0
774;0;1;0;0;0;0
720;0;1;0;0;0;0
746;0;1;0;0;0;0
563;0;1;0;0;0;0
1726;0;1;0;0;0;0
1414;0;1;0;0;0;0
142;0;0;0;0;0;1
1399;0;0;0;0;0;1
1213;0;1;0;0;0;0
673;0;1;0;0;0;0
713;0;1;0;0;0;0
851;0;1;0;0;0;0
749;0;1;0;0;0;0
783;0;1;0;0;0;0
889;0;0;0;0;0;1
1214;0;1;0;0;0;0
834;0;0;0;0;0;1
813;0;0;0;0;0;1
1041;0;0;0;0;0;1
700;0;1;0;0;0;0
863;0;1;0;0;0;0
551;0;1;0;0;0;0
980;0;1;0;0;0;0
1036;0;0;0;0;0;1
844;0;1;0;0;0;0
1262;0;1;0;0;0;0
290;0;1;0;0;0;0
1208;0;1;0;0;0;0
1512;0;1;0;0;0;0
768;0;1;0;0;0;0
812;0;0;0;0;0;1
1274;0;0;0;0;0;1
794;0;1;0;0;0;0
1212;0;1;0;0;0;0
303;0;1;0;0;0;0
910;0;1;0;0;0;0
1121;0;1;0;0;0;0
1029;0;1;0;0;0;0
648;0;0;0;0;0;1
751;0;1;0;0;0;0
302;0;0;0;0;0;1
960;0;1;0;0;0;0
1120;0;1;0;0;0;0
968;0;0;0;0;0;1
1421;0;1;0;0;0;0
1190;0;1;0;0;0;0
1031;0;1;0;0;0;0
249;0;0;0;0;0;1
369;0;0;0;0;0;1
938;0;1;0;0;0;0
377;0;1;0;0;0;0
808;0;1;0;0;0;0
582;0;1;0;0;0;0
926;0;1;0;0;0;0
1431;0;1;0;0;0;0
618;0;1;0;0;0;0
1265;0;1;0;0;0;0
765;0;1;0;0;0;0
192;0;0;0;0;0;1
692;0;1;0;0;0;0
1044;0;0;0;0;0;1
1723;0;1;0;0;0;0
931;0;1;0;0;0;0
986;0;1;0;0;0;0
58;0;0;0;0;0;1
831;0;1;0;0;0;0
744;0;1;0;0;0;0
297;0;1;0;0;0;0
621;0;1;0;0;0;0
569;0;0;0;0;0;1
814;0;1;0;0;0;0
1080;0;1;0;0;0;0
542;0;1;0;0;0;0
431;0;0;0;0;0;1
1386;0;1;0;0;0;0
1459;0;1;0;0;0;0
1283;0;1;0;0;0;0
72;0;1;0;0;0;0
238;0;1;0;0;0;0
281;0;0;0;0;0;1
1474;0;1;0;0;0;0
1803;0;1;0;0;0;0
1201;0;0;0;0;0;1
1149;0;1;0;0;0;0
1436;0;1;0;0;0;0
1278;0;1;0;0;0;0
1310;0;1;0;0;0;0
129;0;1;0;0;0;0
1388;0;1;0;0;0;0
970;0;0;0;0;0;1
912;0;0;0;0;0;1
741;0;1;0;0;0;0
908;0;1;0;0;0;0
874;0;0;0;0;0;1
1335;0;1;0;0;0;0
275;0;1;0;0;0;0
770;0;1;0;0;0;0
649;0;0;0;0;0;1
909;0;0;0;0;0;1
900;0;1;0;0;0;0
294;0;0;0;0;0;1
1241;0;1;0;0;0;0
1351;0;1;0;0;0;0
682;0;1;0;0;0;0
866;0;1;0;0;0;0
237;0;1;0;0;0;0
575;0;1;0;0;0;0
1156;0;0;0;0;0;1
1059;0;1;0;0;0;0
1799;0;1;0;0;0;0
855;0;1;0;0;0;0
1358;0;1;0;0;0;0
1355;0;1;0;0;0;0
911;0;1;0;0;0;0
1727;0;0;0;0;0;1
804;0;0;0;0;0;1
1798;0;1;0;0;0;0
1066;0;1;0;0;0;0
241;0;1;0;0;0;0
699;0;0;0;0;0;1
1465;0;0;0;0;0;1
1301;0;0;0;0;0;1
1307;0;1;0;0;0;0
1614;0;1;0;0;0;0
283;0;1;0;0;0;0
1573;0;1;0;0;0;0
222;0;1;0;0;0;0
533;0;1;0;0;0;0
640;0;1;0;0;0;0
589;0;1;0;0;0;0
1561;0;1;0;0;0;0
789;0;1;0;0;0;0
917;0;1;0;0;0;0
766;0;1;0;0;0;0
194;0;1;0;0;0;0
683;0;1;0;0;0;0
47;0;1;0;0;0;0
140;0;1;0;0;0;0
25;0;1;0;0;0;0
816;0;1;0;0;0;0
958;0;1;0;0;0;0
125;0;1;0;0;0;0
1259;0;1;0;0;0;0
743;0;1;0;0;0;0
1217;0;1;0;0;0;0
983;0;1;0;0;0;0
918;0;0;0;0;0;1
819;0;1;0;0;0;0
1124;0;1;0;0;0;0
1291;0;1;0;0;0;0
108;0;1;0;0;0;0
821;0;1;0;0;0;0
1118;0;1;0;0;0;0
750;0;1;0;0;0;0
654;0;1;0;0;0;0
534;0;1;0;0;0;0
227;0;0;0;0;0;1
684;0;0;0;0;0;1
39;0;1;0;0;0;0
1519;0;1;0;0;0;0
311;0;1;0;0;0;0
1447;0;0;0;0;0;1
1026;0;1;0;0;0;0
710;0;0;0;0;0;1
116;0;0;0;0;0;1
1413;0;1;0;0;0;0
579;0;1;0;0;0;0
1284;0;0;0;0;0;1
977;0;1;0;0;0;0
1439;0;1;0;0;0;0
1030;0;1;0;0;0;0
924;0;1;0;0;0;0
862;0;1;0;0;0;0
646;0;1;0;0;0;0
1345;0;1;0;0;0;0
415;0;1;0;0;0;0
1406;0;1;0;0;0;0
1318;0;0;0;0;0;1
1272;0;1;0;0;0;0
1223;0;1;0;0;0;0
1738;0;1;0;0;0;0
1317;0;1;0;0;0;0
1724;0;1;0;0;0;0
1071;0;1;0;0;0;0
784;0;1;0;0;0;0
798;0;1;0;0;0;0
1159;0;1;0;0;0;0
820;0;1;0;0;0;0
1320;0;0;0;0;0;1
1013;0;1;0;0;0;0
685;0;1;0;0;0;0
772;0;1;0;0;0;0
635;0;0;0;0;0;1
1319;0;1;0;0;0;0
1802;0;1;0;0;0;0
410;0;0;0;0;0;1
117;0;1;0;0;0;0
848;0;0;0;0;0;1
554;0;0;0;0;0;1
1147;0;1;0;0;0;0
567;0;1;0;0;0;0
1296;0;1;0;0;0;0
1306;0;1;0;0;0;0
724;0;1;0;0;0;0
1097;0;1;0;0;0;0
550;0;1;0;0;0;0
1336;0;1;0;0;0;0
1494;0;1;0;0;0;0
994;0;1;0;0;0;0
1102;0;1;0;0;0;0
1174;0;1;0;0;0;0
631;0;1;0;0;0;0
824;0;1;0;0;0;0
1449;0;1;0;0;0;0
1235;0;1;0;0;0;0
849;0;1;0;0;0;0
1092;0;1;0;0;0;0
715;0;1;0;0;0;0
1151;0;1;0;0;0;0
1288;0;1;0;0;0;0
791;0;1;0;0;0;0
572;0;1;0;0;0;0
1470;0;1;0;0;0;0
1552;0;1;0;0;0;0
1140;0;1;0;0;0;0
771;0;0;0;0;0;1
1009;0;1;0;0;0;0
1057;0;1;0;0;0;0
1408;0;1;0;0;0;0
916;0;1;0;0;0;0
1409;0;1;0;0;0;0
1228;0;1;0;0;0;0
1273;0;1;0;0;0;0
1348;0;1;0;0;0;0
1079;0;1;0;0;0;0
291;0;1;0;0;0;0
1456;0;1;0;0;0;0
1332;0;1;0;0;0;0
627;0;1;0;0;0;0
552;0;1;0;0;0;0
1267;0;1;0;0;0;0
1353;0;1;0;0;0;0
1407;0;1;0;0;0;0
1423;0;1;0;0;0;0
769;0;1;0;0;0;0
764;0;1;0;0;0;0
71;0;1;0;0;0;0
50;0;1;0;0;0;0
1433;0;1;0;0;0;0
1801;0;1;0;0;0;0
95;0;0;0;0;0;1
1344;0;1;0;0;0;0
210;0;1;0;0;0;0
1060;0;1;0;0;0;0
777;0;1;0;0;0;0
414;0;0;0;0;0;1
1177;0;1;0;0;0;0
790;0;1;0;0;0;0
840;0;1;0;0;0;0
99;0;1;0;0;0;0
1457;0;1;0;0;0;0
1529;0;1;0;0;0;0
355;0;1;0;0;0;0
1207;0;1;0;0;0;0
141;0;1;0;0;0;0
584;0;1;0;0;0;0
867;0;1;0;0;0;0
277;0;1;0;0;0;0
223;0;0;0;0;0;1
1047;0;1;0;0;0;0
1202;0;1;0;0;0;0
309;0;1;0;0;0;0
630;0;1;0;0;0;0
727;0;1;0;0;0;0
1268;0;1;0;0;0;0
1346;0;1;0;0;0;0
1032;0;1;0;0;0;0
609;0;1;0;0;0;0
1299;0;1;0;0;0;0
706;0;1;0;0;0;0
1363;0;1;0;0;0;0
735;0;1;0;0;0;0
1411;0;0;0;0;0;1
1735;0;1;0;0;0;0
1725;0;1;0;0;0;0
1662;0;1;0;0;0;0
1165;0;1;0;0;0;0
1279;0;1;0;0;0;0
1328;0;1;0;0;0;0
1084;0;1;0;0;0;0
704;0;1;0;0;0;0
1215;0;1;0;0;0;0
224;0;1;0;0;0;0
220;0;1;0;0;0;0
138;0;1;0;0;0;0
1579;0;1;0;0;0;0
1665;0;1;0;0;0;0
1717;0;1;0;0;0;0
553;0;1;0;0;0;0
1073;0;1;0;0;0;0
806;0;1;0;0;0;0
1016;0;1;0;0;0;0
595;0;1;0;0;0;0
1424;0;1;0;0;0;0
548;0;1;0;0;0;0
716;0;1;0;0;0;0
1126;0;1;0;0;0;0
101;0;1;0;0;0;0
587;0;1;0;0;0;0
843;0;1;0;0;0;0
974;0;1;0;0;0;0
1172;0;1;0;0;0;0
612;0;1;0;0;0;0
728;0;1;0;0;0;0
639;0;1;0;0;0;0
1074;0;1;0;0;0;0
793;0;1;0;0;0;0
901;0;1;0;0;0;0
1086;0;1;0;0;0;0
543;0;1;0;0;0;0
1145;0;1;0;0;0;0
135;0;1;0;0;0;0
988;0;1;0;0;0;0
1443;0;1;0;0;0;0
1021;0;1;0;0;0;0
122;0;1;0;0;0;0
894;0;1;0;0;0;0
775;0;1;0;0;0;0
1780;0;1;0;0;0;0
1220;0;1;0;0;0;0
1051;0;1;0;0;0;0
1264;0;1;0;0;0;0
1200;0;1;0;0;0;0
1203;0;1;0;0;0;0
1095;0;1;0;0;0;0
1377;0;1;0;0;0;0
164;0;1;0;0;0;0
1472;0;1;0;0;0;0
1266;0;1;0;0;0;0
1130;0;1;0;0;0;0
1006;0;1;0;0;0;0
1236;0;1;0;0;0;0
850;0;1;0;0;0;0
1128;0;1;0;0;0;0
1441;0;1;0;0;0;0
213;0;1;0;0;0;0
1048;0;1;0;0;0;0
1083;0;1;0;0;0;0
1188;0;1;0;0;0;0
1541;0;1;0;0;0;0
1111;0;1;0;0;0;0
49;0;1;0;0;0;0
87;0;1;0;0;0;0
868;0;1;0;0;0;0
1551;0;1;0;0;0;0
1195;0;1;0;0;0;0
112;0;1;0;0;0;0
1233;0;1;0;0;0;0
1489;0;1;0;0;0;0
717;0;1;0;0;0;0
636;0;1;0;0;0;0
1028;0;1;0;0;0;0
1357;0;1;0;0;0;0
995;0;1;0;0;0;0
666;0;1;0;0;0;0
1085;0;1;0;0;0;0
1019;0;1;0;0;0;0
1015;0;1;0;0;0;0
803;0;1;0;0;0;0
725;0;1;0;0;0;0
1017;0;1;0;0;0;0
1503;0;1;0;0;0;0
1133;0;1;0;0;0;0
1779;0;1;0;0;0;0
885;0;1;0;0;0;0
1227;0;1;0;0;0;0
1446;0;1;0;0;0;0
1179;0;1;0;0;0;0
1359;0;1;0;0;0;0
1211;0;1;0;0;0;0
1260;0;1;0;0;0;0
1164;0;1;0;0;0;0
799;0;1;0;0;0;0
1501;0;1;0;0;0;0
1112;0;1;0;0;0;0
133;0;1;0;0;0;0
664;0;1;0;0;0;0
818;0;1;0;0;0;0
1093;0;1;0;0;0;0
971;0;1;0;0;0;0
997;0;1;0;0;0;0
1157;0;1;0;0;0;0
1454;0;1;0;0;0;0
829;0;1;0;0;0;0
1067;0;1;0;0;0;0
1056;0;1;0;0;0;0
1250;0;1;0;0;0;0
78;0;1;0;0;0;0
1730;0;1;0;0;0;0
1018;0;1;0;0;0;0
1426;0;1;0;0;0;0
262;0;1;0;0;0;0
1429;0;1;0;0;0;0
92;0;1;0;0;0;0
57;0;1;0;0;0;0
1154;0;1;0;0;0;0
1003;0;1;0;0;0;0
734;0;1;0;0;0;0
528;0;1;0;0;0;0
869;0;1;0;0;0;0
215;0;1;0;0;0;0
1416;0;1;0;0;0;0
1184;0;1;0;0;0;0
712;0;1;0;0;0;0
1531;0;1;0;0;0;0
721;0;1;0;0;0;0
1082;0;1;0;0;0;0
689;0;1;0;0;0;0
1210;0;1;0;0;0;0
837;0;1;0;0;0;0
1481;0;1;0;0;0;0
1045;0;1;0;0;0;0
1033;0;1;0;0;0;0
1804;0;1;0;0;0;0
1052;0;1;0;0;0;0
738;0;1;0;0;0;0
1473;0;1;0;0;0;0
1081;0;1;0;0;0;0
1502;0;1;0;0;0;0
1191;0;1;0;0;0;0
1106;0;1;0;0;0;0
729;0;1;0;0;0;0
898;0;1;0;0;0;0
1325;0;1;0;0;0;0
976;0;1;0;0;0;0
271;0;1;0;0;0;0
1808;0;1;0;0;0;0
560;0;1;0;0;0;0
613;0;1;0;0;0;0
1023;0;1;0;0;0;0
1022;0;1;0;0;0;0
1326;0;1;0;0;0;0
1398;0;1;0;0;0;0
549;0;1;0;0;0;0
1455;0;1;0;0;0;0
1173;0;1;0;0;0;0
28;0;1;0;0;0;0
1365;0;1;0;0;0;0
1492;0;1;0;0;0;0
624;0;1;0;0;0;0
1430;0;1;0;0;0;0
1560;0;1;0;0;0;0
698;0;1;0;0;0;0
1379;0;1;0;0;0;0
90;0;1;0;0;0;0
1075;0;1;0;0;0;0
1395;0;1;0;0;0;0
1807;0;1;0;0;0;0
1418;0;1;0;0;0;0
1049;0;1;0;0;0;0
1468;0;1;0;0;0;0
807;0;1;0;0;0;0
1517;0;1;0;0;0;0
1139;0;1;0;0;0;0
739;0;1;0;0;0;0
637;0;1;0;0;0;0
127;0;1;0;0;0;0
1007;0;1;0;0;0;0
1445;0;1;0;0;0;0
69;0;1;0;0;0;0
214;0;1;0;0;0;0
1453;0;1;0;0;0;0
293;0;1;0;0;0;0
723;0;1;0;0;0;0
1811;0;1;0;0;0;0
1664;0;1;0;0;0;0
1248;0;1;0;0;0;0
1525;0;1;0;0;0;0
1311;0;1;0;0;0;0
1387;0;1;0;0;0;0
174;0;1;0;0;0;0
1435;0;1;0;0;0;0
43;0;1;0;0;0;0
1162;0;1;0;0;0;0
308;0;1;0;0;0;0
667;0;1;0;0;0;0
711;0;1;0;0;0;0
787;0;1;0;0;0;0
284;0;1;0;0;0;0
1475;0;1;0;0;0;0
107;0;1;0;0;0;0
1076;0;1;0;0;0;0
1737;0;1;0;0;0;0
857;0;1;0;0;0;0
1805;0;1;0;0;0;0
84;0;1;0;0;0;0
1077;0;1;0;0;0;0
1747;0;1;0;0;0;0
1812;0;1;0;0;0;0
1005;0;1;0;0;0;0
73;0;1;0;0;0;0
1096;0;1;0;0;0;0
137;0;1;0;0;0;0
212;0;1;0;0;0;0
1098;0;1;0;0;0;0
1478;0;1;0;0;0;0
1397;0;1;0;0;0;0
709;0;1;0;0;0;0
796;0;1;0;0;0;0
81;0;1;0;0;0;0
1558;0;1;0;0;0;0
1479;0;1;0;0;0;0
1245;0;1;0;0;0;0
754;0;1;0;0;0;0
1055;0;1;0;0;0;0
88;0;1;0;0;0;0
139;0;1;0;0;0;0
1555;0;1;0;0;0;0
1072;0;1;0;0;0;0
96;0;1;0;0;0;0
998;0;1;0;0;0;0
1194;0;1;0;0;0;0
574;0;1;0;0;0;0
733;0;1;0;0;0;0
578;0;1;0;0;0;0
1150;0;1;0;0;0;0
94;0;1;0;0;0;0
1198;0;1;0;0;0;0
628;0;1;0;0;0;0
825;0;1;0;0;0;0
1743;0;1;0;0;0;0
29;0;1;0;0;0;0
1542;0;1;0;0;0;0
1556;0;1;0;0;0;0
708;0;1;0;0;0;0
1437;0;1;0;0;0;0
1382;0;1;0;0;0;0
1438;0;1;0;0;0;0
625;0;1;0;0;0;0
1116;0;1;0;0;0;0
1585;0;1;0;0;0;0
40;0;1;0;0;0;0
1366;0;1;0;0;0;0
1249;0;1;0;0;0;0
1536;0;1;0;0;0;0
1461;0;1;0;0;0;0
1153;0;1;0;0;0;0
1131;0;1;0;0;0;0
132;0;1;0;0;0;0
1163;0;1;0;0;0;0
782;0;1;0;0;0;0
1535;0;1;0;0;0;0
1114;0;1;0;0;0;0
1483;0;1;0;0;0;0
602;0;1;0;0;0;0
97;0;1;0;0;0;0
1020;0;1;0;0;0;0
